Index,University,Artificial Intelligence & Machine Learning,Machine Learning,Data Science & Data Mining,Computer Vision & Image Processing,Natural Language Processing,Systems & Networking,Databases,Security & Privacy,Human Computer Interaction,Theoretical Computer Science,Software Engineering,Computer Graphics & Virtual Reality,Quantum Computing,Interdisciplinary Fields,Continent
1,University of Montreal,0.0,176.2856171606171,0.0,269.86545815295807,0.0,0.0,0.0,0.0,0.0,0.0,0.0,0.0,0.0,0.0,North America
2,DTU,0.0,17.872619047619047,0.0,15.616666666666662,0.0,0.0,0.0,0.0,0.0,0.0,0.0,0.0,0.0,0.0,Europe
3,University of Maryland - College Park,0.0,27.25358252858252,0.0,70.71374269005852,0.0,0.0,0.0,0.0,0.0,0.0,0.0,0.0,0.0,0.0,North America
4,Weizmann Institute of Science,0.0,41.54654377880185,0.0,101.55357142857144,0.0,0.0,0.0,0.0,0.0,0.0,0.0,0.0,0.0,0.0,Asia
5,Princeton University,0.0,130.4525980832584,0.0,94.01814574314578,0.0,0.0,0.0,0.0,0.0,0.0,0.0,0.0,0.0,0.0,North America
6,University of Western Australia,0.0,2.283333333333333,0.0,21.49126984126984,0.0,0.0,0.0,0.0,0.0,0.0,0.0,0.0,0.0,0.0,Australasia
7,Johns Hopkins University,0.0,42.55420655218609,0.0,62.478643578643606,0.0,0.0,0.0,0.0,0.0,0.0,0.0,0.0,0.0,0.0,North America
8,Trinity College Dublin,0.0,1.5666666666666669,0.0,3.4166666666666665,0.0,0.0,0.0,0.0,0.0,0.0,0.0,0.0,0.0,0.0,Europe
9,University of Magdeburg,0.0,2.651190476190476,0.0,9.392857142857142,0.0,0.0,0.0,0.0,0.0,0.0,0.0,0.0,0.0,0.0,Europe
10,Univ. of California - Irvine,0.0,19.22936507936508,0.0,21.53059163059163,0.0,0.0,0.0,0.0,0.0,0.0,0.0,0.0,0.0,0.0,North America
11,University of Birmingham,0.0,3.148412698412698,0.0,28.169573890162123,0.0,0.0,0.0,0.0,0.0,0.0,0.0,0.0,0.0,0.0,Europe
12,University of Göttingen,0.0,1.902380952380952,0.0,3.128968253968254,0.0,0.0,0.0,0.0,0.0,0.0,0.0,0.0,0.0,0.0,Europe
13,EPFL,0.0,103.12548534092836,0.0,162.31444988184109,0.0,0.0,0.0,0.0,0.0,0.0,0.0,0.0,0.0,0.0,Europe
14,Univ. of California - Berkeley,0.0,372.644684092697,0.0,451.00624572216657,0.0,0.0,0.0,0.0,0.0,0.0,0.0,0.0,0.0,0.0,North America
15,University of British Columbia,0.0,30.02340851579981,0.0,64.46673881673885,0.0,0.0,0.0,0.0,0.0,0.0,0.0,0.0,0.0,0.0,North America
16,University of Edinburgh,0.0,41.367460317460335,0.0,70.89755799755798,0.0,0.0,0.0,0.0,0.0,0.0,0.0,0.0,0.0,0.0,Europe
17,University of Exeter,0.0,0.4,0.0,6.218290043290045,0.0,0.0,0.0,0.0,0.0,0.0,0.0,0.0,0.0,0.0,Europe
18,University of Oxford,0.0,33.122817460317464,0.0,36.61867838044308,0.0,0.0,0.0,0.0,0.0,0.0,0.0,0.0,0.0,0.0,Europe
19,University of Stuttgart,0.0,6.427777777777777,0.0,6.733333333333333,0.0,0.0,0.0,0.0,0.0,0.0,0.0,0.0,0.0,0.0,Europe
20,Simon Fraser University,0.0,18.35081030081029,0.0,104.93230519480528,0.0,0.0,0.0,0.0,0.0,0.0,0.0,0.0,0.0,0.0,North America
21,TU Munich,0.0,42.319480519480514,0.0,219.1763309789625,0.0,0.0,0.0,0.0,0.0,0.0,0.0,0.0,0.0,0.0,Europe
22,California Institute of Technology,0.0,39.40515873015873,0.0,88.634126984127,0.0,0.0,0.0,0.0,0.0,0.0,0.0,0.0,0.0,0.0,North America
23,University of Catania,0.0,2.177272727272727,0.0,7.1136363636363615,0.0,0.0,0.0,0.0,0.0,0.0,0.0,0.0,0.0,0.0,Europe
24,Massachusetts Institute of Technology,0.0,261.87075450652014,0.0,487.207753327991,0.0,0.0,0.0,0.0,0.0,0.0,0.0,0.0,0.0,0.0,North America
25,University of Amsterdam,0.0,73.56067323481116,0.0,81.25989565989568,0.0,0.0,0.0,0.0,0.0,0.0,0.0,0.0,0.0,0.0,Europe
26,Ruhr-University Bochum,0.0,3.193939393939394,0.0,5.215151515151516,0.0,0.0,0.0,0.0,0.0,0.0,0.0,0.0,0.0,0.0,Europe
27,University of Michigan,0.0,48.54319291819294,0.0,45.20454545454549,0.0,0.0,0.0,0.0,0.0,0.0,0.0,0.0,0.0,0.0,North America
28,Chinese University of Hong Kong,0.0,28.31154401154401,0.0,96.93949077238553,0.0,0.0,0.0,0.0,0.0,0.0,0.0,0.0,0.0,0.0,Asia
29,KAUST,0.0,54.89047619047619,0.0,203.73221500721493,0.0,0.0,0.0,0.0,0.0,0.0,0.0,0.0,0.0,0.0,Asia
30,University of Waikato,0.0,2.4333333333333336,0.0,1.2,0.0,0.0,0.0,0.0,0.0,0.0,0.0,0.0,0.0,0.0,Australasia
31,Cornell University,0.0,69.6751370851371,0.0,58.06522366522366,0.0,0.0,0.0,0.0,0.0,0.0,0.0,0.0,0.0,0.0,North America
32,TU Dresden,0.0,4.002380952380952,0.0,15.245238095238092,0.0,0.0,0.0,0.0,0.0,0.0,0.0,0.0,0.0,0.0,Europe
33,LMU Munich,0.0,18.150093370681606,0.0,12.202380952380953,0.0,0.0,0.0,0.0,0.0,0.0,0.0,0.0,0.0,0.0,Europe
34,Zhejiang University,0.0,17.28206349206349,0.0,79.09404761904767,0.0,0.0,0.0,0.0,0.0,0.0,0.0,0.0,0.0,0.0,Asia
35,Univ. of California - Los Angeles,0.0,53.42553163211057,0.0,55.88160173160176,0.0,0.0,0.0,0.0,0.0,0.0,0.0,0.0,0.0,0.0,North America
36,University of Washington,0.0,81.53518345456403,0.0,106.74682134673164,0.0,0.0,0.0,0.0,0.0,0.0,0.0,0.0,0.0,0.0,North America
37,Shenzhen University,0.0,3.01978021978022,0.0,13.38690476190476,0.0,0.0,0.0,0.0,0.0,0.0,0.0,0.0,0.0,0.0,Asia
38,Heidelberg University,0.0,5.523088023088023,0.0,60.76323574086733,0.0,0.0,0.0,0.0,0.0,0.0,0.0,0.0,0.0,0.0,Europe
39,Shanghai Jiao Tong University,0.0,17.32088554720133,0.0,43.05219363969368,0.0,0.0,0.0,0.0,0.0,0.0,0.0,0.0,0.0,0.0,Asia
40,University of Texas at Austin,0.0,44.66308552558553,0.0,54.47247009526421,0.0,0.0,0.0,0.0,0.0,0.0,0.0,0.0,0.0,0.0,North America
41,Tianjin University,0.0,1.8619047619047613,0.0,5.777813852813853,0.0,0.0,0.0,0.0,0.0,0.0,0.0,0.0,0.0,0.0,Asia
42,Tsinghua University,0.0,30.50108677871836,0.0,66.6368700743701,0.0,0.0,0.0,0.0,0.0,0.0,0.0,0.0,0.0,0.0,Asia
43,UESTC,0.0,4.377777777777777,0.0,28.39761904761903,0.0,0.0,0.0,0.0,0.0,0.0,0.0,0.0,0.0,0.0,Asia
44,University of Malaya,0.0,1.1666666666666663,0.0,4.330952380952381,0.0,0.0,0.0,0.0,0.0,0.0,0.0,0.0,0.0,0.0,Asia
45,Stanford University,0.0,165.15251283444678,0.0,211.0198746656866,0.0,0.0,0.0,0.0,0.0,0.0,0.0,0.0,0.0,0.0,North America
46,Nanyang Technological University,0.0,24.402813852813846,0.0,122.7216242538824,0.0,0.0,0.0,0.0,0.0,0.0,0.0,0.0,0.0,0.0,Asia
47,University of Rochester,0.0,7.233333333333334,0.0,25.601623376623376,0.0,0.0,0.0,0.0,0.0,0.0,0.0,0.0,0.0,0.0,North America
48,HKUST,0.0,17.787619047619046,0.0,102.40551568314729,0.0,0.0,0.0,0.0,0.0,0.0,0.0,0.0,0.0,0.0,Asia
49,University College London,0.0,36.15400432900433,0.0,34.63272005772003,0.0,0.0,0.0,0.0,0.0,0.0,0.0,0.0,0.0,0.0,Europe
50,University of Bath,0.0,3.809523809523809,0.0,12.983333333333333,0.0,0.0,0.0,0.0,0.0,0.0,0.0,0.0,0.0,0.0,Europe
51,Hasso Plattner Institute,0.0,3.3583333333333334,0.0,3.305555555555556,0.0,0.0,0.0,0.0,0.0,0.0,0.0,0.0,0.0,0.0,Europe
52,Wuhan University,0.0,2.6619047619047618,0.0,25.475829725829715,0.0,0.0,0.0,0.0,0.0,0.0,0.0,0.0,0.0,0.0,Asia
53,University of Toronto,0.0,111.35080623382648,0.0,209.68764087614883,0.0,0.0,0.0,0.0,0.0,0.0,0.0,0.0,0.0,0.0,North America
54,IST Austria,0.0,15.959656084656087,0.0,20.729401154401152,0.0,0.0,0.0,0.0,0.0,0.0,0.0,0.0,0.0,0.0,Europe
55,Georgia Institute of Technology,0.0,59.12926469665604,0.0,105.76779560308968,0.0,0.0,0.0,0.0,0.0,0.0,0.0,0.0,0.0,0.0,North America
56,Hebrew University of Jerusalem,0.0,59.84094516594518,0.0,97.13120110883274,0.0,0.0,0.0,0.0,0.0,0.0,0.0,0.0,0.0,0.0,Asia
57,Tel Aviv University,0.0,88.37452380952382,0.0,150.53899711399706,0.0,0.0,0.0,0.0,0.0,0.0,0.0,0.0,0.0,0.0,Asia
58,Lehigh University,0.0,0.125,0.0,0.2,0.0,0.0,0.0,0.0,0.0,0.0,0.0,0.0,0.0,0.0,North America
59,Technion,0.0,120.02108590334392,0.0,138.12142857142857,0.0,0.0,0.0,0.0,0.0,0.0,0.0,0.0,0.0,0.0,Asia
60,New York University,0.0,134.00317460317456,0.0,141.44447862079448,0.0,0.0,0.0,0.0,0.0,0.0,0.0,0.0,0.0,0.0,North America
61,Northeastern University,0.0,27.076445288684603,0.0,43.58253968253969,0.0,0.0,0.0,0.0,0.0,0.0,0.0,0.0,0.0,0.0,North America
62,TTI Chicago,0.0,49.3812963782004,0.0,28.83333333333333,0.0,0.0,0.0,0.0,0.0,0.0,0.0,0.0,0.0,0.0,North America
63,Univ. of Illinois at Urbana-Champaign,0.0,42.39444444444446,0.0,66.3772366522367,0.0,0.0,0.0,0.0,0.0,0.0,0.0,0.0,0.0,0.0,North America
64,Carnegie Mellon University,0.0,222.10906632262143,0.0,246.806782106782,0.0,0.0,0.0,0.0,0.0,0.0,0.0,0.0,0.0,0.0,North America
65,Sichuan University,0.0,1.024242424242424,0.0,4.057575757575757,0.0,0.0,0.0,0.0,0.0,0.0,0.0,0.0,0.0,0.0,Asia
66,University of Bristol,0.0,10.952272727272726,0.0,13.146572871572872,0.0,0.0,0.0,0.0,0.0,0.0,0.0,0.0,0.0,0.0,Europe
67,University of Pennsylvania,0.0,43.39904609279608,0.0,75.69667212268023,0.0,0.0,0.0,0.0,0.0,0.0,0.0,0.0,0.0,0.0,North America
68,UNSW,0.0,6.0,0.0,6.270634920634921,0.0,0.0,0.0,0.0,0.0,0.0,0.0,0.0,0.0,0.0,Australasia
69,Rochester Institute of Technology,0.0,6.966190476190476,0.0,5.242857142857144,0.0,0.0,0.0,0.0,0.0,0.0,0.0,0.0,0.0,0.0,North America
70,Australian National University,0.0,15.693686868686866,0.0,80.45873015873019,0.0,0.0,0.0,0.0,0.0,0.0,0.0,0.0,0.0,0.0,Australasia
71,University of Melbourne,0.0,12.525,0.0,25.485714285714284,0.0,0.0,0.0,0.0,0.0,0.0,0.0,0.0,0.0,0.0,Australasia
72,Imperial College London,0.0,27.74469507101085,0.0,72.5195526695527,0.0,0.0,0.0,0.0,0.0,0.0,0.0,0.0,0.0,0.0,Europe
73,USTC,0.0,4.316666666666666,0.0,5.079365079365078,0.0,0.0,0.0,0.0,0.0,0.0,0.0,0.0,0.0,0.0,Asia
74,Concordia University,0.0,4.28015873015873,0.0,12.694047619047618,0.0,0.0,0.0,0.0,0.0,0.0,0.0,0.0,0.0,0.0,North America
75,University of Cambridge,0.0,36.19141034404192,0.0,13.637049062049062,0.0,0.0,0.0,0.0,0.0,0.0,0.0,0.0,0.0,0.0,Europe
76,ETH Zurich,0.0,44.28742923742925,0.0,211.87627002627,0.0,0.0,0.0,0.0,0.0,0.0,0.0,0.0,0.0,0.0,Europe
77,University of Freiburg,0.0,25.892099567099564,0.0,86.77463924963928,0.0,0.0,0.0,0.0,0.0,0.0,0.0,0.0,0.0,0.0,Europe
78,University of Wisconsin - Madison,0.0,40.63556255835668,0.0,44.74105339105341,0.0,0.0,0.0,0.0,0.0,0.0,0.0,0.0,0.0,0.0,North America
79,Illinois Institute of Technology,0.0,1.5666666666666664,0.0,0.8333333333333331,0.0,0.0,0.0,0.0,0.0,0.0,0.0,0.0,0.0,0.0,North America
80,Peking University,0.0,43.481385281385286,0.0,96.58443362193375,0.0,0.0,0.0,0.0,0.0,0.0,0.0,0.0,0.0,0.0,Asia
81,University of North Carolina,0.0,17.496078431372545,0.0,66.0438852813853,0.0,0.0,0.0,0.0,0.0,0.0,0.0,0.0,0.0,0.0,North America
82,University of Tübingen,0.0,34.05618686868687,0.0,133.94484126984133,0.0,0.0,0.0,0.0,0.0,0.0,0.0,0.0,0.0,0.0,Europe
83,National University of Singapore,0.0,34.88253968253968,0.0,55.09269480519483,0.0,0.0,0.0,0.0,0.0,0.0,0.0,0.0,0.0,0.0,Asia
84,Harbin Institute of Technology,0.0,10.169047619047616,0.0,45.57217509193318,0.0,0.0,0.0,0.0,0.0,0.0,0.0,0.0,0.0,0.0,Asia
85,Rice University,0.0,12.543290043290044,0.0,21.986580086580087,0.0,0.0,0.0,0.0,0.0,0.0,0.0,0.0,0.0,0.0,North America
86,West Virginia University,0.0,0.9166666666666666,0.0,7.010714285714284,0.0,0.0,0.0,0.0,0.0,0.0,0.0,0.0,0.0,0.0,North America
87,University of Surrey,0.0,5.308333333333333,0.0,52.3597041847042,0.0,0.0,0.0,0.0,0.0,0.0,0.0,0.0,0.0,0.0,Europe
88,Korea University,0.0,5.783333333333334,0.0,32.27695209697497,0.0,0.0,0.0,0.0,0.0,0.0,0.0,0.0,0.0,0.0,Asia
89,Stony Brook University,0.0,6.117857142857143,0.0,27.08809523809524,0.0,0.0,0.0,0.0,0.0,0.0,0.0,0.0,0.0,0.0,North America
90,Univ. of California - Davis,0.0,8.75,0.0,9.008583959899749,0.0,0.0,0.0,0.0,0.0,0.0,0.0,0.0,0.0,0.0,North America
91,Seoul National University,0.0,27.23767343767344,0.0,130.89372294372305,0.0,0.0,0.0,0.0,0.0,0.0,0.0,0.0,0.0,0.0,Asia
92,Univ. of California - San Diego,0.0,197.87516349242148,0.0,258.1462856587856,0.0,0.0,0.0,0.0,0.0,0.0,0.0,0.0,0.0,0.0,North America
93,Leiden University,0.0,9.863636363636363,0.0,4.716666666666666,0.0,0.0,0.0,0.0,0.0,0.0,0.0,0.0,0.0,0.0,Europe
94,Fudan University,0.0,5.740909090909091,0.0,14.484595959595955,0.0,0.0,0.0,0.0,0.0,0.0,0.0,0.0,0.0,0.0,Asia
95,University of Hong Kong,0.0,20.58698373698373,0.0,34.40695868459028,0.0,0.0,0.0,0.0,0.0,0.0,0.0,0.0,0.0,0.0,Asia
96,RWTH Aachen University,0.0,13.207142857142856,0.0,26.476190476190467,0.0,0.0,0.0,0.0,0.0,0.0,0.0,0.0,0.0,0.0,Europe
97,University of Minnesota,0.0,9.62857142857143,0.0,10.165151515151512,0.0,0.0,0.0,0.0,0.0,0.0,0.0,0.0,0.0,0.0,North America
98,MBZUAI,0.0,36.653643578643575,0.0,86.88025908310539,0.0,0.0,0.0,0.0,0.0,0.0,0.0,0.0,0.0,0.0,Asia
99,KAIST,0.0,38.07305194805196,0.0,118.18412698412706,0.0,0.0,0.0,0.0,0.0,0.0,0.0,0.0,0.0,0.0,Asia
100,Aalto University,0.0,17.210410830999063,0.0,40.98690476190476,0.0,0.0,0.0,0.0,0.0,0.0,0.0,0.0,0.0,0.0,Europe
101,VU Amsterdam,0.0,3.3761904761904766,0.0,1.3666666666666667,0.0,0.0,0.0,0.0,0.0,0.0,0.0,0.0,0.0,0.0,Europe
102,George Mason University,0.0,3.662337662337662,0.0,8.354545454545454,0.0,0.0,0.0,0.0,0.0,0.0,0.0,0.0,0.0,0.0,North America
103,Open University UK,0.0,1.7000000000000002,0.0,2.525,0.0,0.0,0.0,0.0,0.0,0.0,0.0,0.0,0.0,0.0,Europe
104,KU Leuven,0.0,5.983333333333333,0.0,8.083333333333334,0.0,0.0,0.0,0.0,0.0,0.0,0.0,0.0,0.0,0.0,Europe
105,University of Macau,0.0,1.1166666666666667,0.0,18.5813492063492,0.0,0.0,0.0,0.0,0.0,0.0,0.0,0.0,0.0,0.0,Asia
106,CISPA Helmholtz Center,0.0,11.83611111111111,0.0,21.39260461760461,0.0,0.0,0.0,0.0,0.0,0.0,0.0,0.0,0.0,0.0,Europe
107,Tongji University,0.0,1.0357142857142856,0.0,10.383333333333333,0.0,0.0,0.0,0.0,0.0,0.0,0.0,0.0,0.0,0.0,Asia
108,ShanghaiTech University,0.0,3.690873015873016,0.0,38.25277777777779,0.0,0.0,0.0,0.0,0.0,0.0,0.0,0.0,0.0,0.0,Asia
109,Czech Technical University,0.0,7.995238095238095,0.0,104.60668816477644,0.0,0.0,0.0,0.0,0.0,0.0,0.0,0.0,0.0,0.0,Europe
110,University of Ottawa,0.0,0.9944444444444444,0.0,2.3666666666666667,0.0,0.0,0.0,0.0,0.0,0.0,0.0,0.0,0.0,0.0,North America
111,Saarland University,0.0,8.641666666666666,0.0,6.542857142857144,0.0,0.0,0.0,0.0,0.0,0.0,0.0,0.0,0.0,0.0,Europe
112,Polytechnic University of Catalonia,0.0,0.3428571428571428,0.0,1.7128389154704942,0.0,0.0,0.0,0.0,0.0,0.0,0.0,0.0,0.0,0.0,Europe
113,University of Bonn,0.0,5.999999999999999,0.0,44.225000000000016,0.0,0.0,0.0,0.0,0.0,0.0,0.0,0.0,0.0,0.0,Europe
114,Nanjing University,0.0,17.39285714285714,0.0,24.3345238095238,0.0,0.0,0.0,0.0,0.0,0.0,0.0,0.0,0.0,0.0,Asia
115,TU Darmstadt,0.0,20.885714285714283,0.0,82.61904761904763,0.0,0.0,0.0,0.0,0.0,0.0,0.0,0.0,0.0,0.0,Europe
116,Chinese Academy of Sciences,0.0,12.32103174603174,0.0,60.34542545268357,0.0,0.0,0.0,0.0,0.0,0.0,0.0,0.0,0.0,0.0,Asia
117,City University of Hong Kong,0.0,4.665415140415139,0.0,20.546536796536788,0.0,0.0,0.0,0.0,0.0,0.0,0.0,0.0,0.0,0.0,Asia
118,KTH Royal Institute of Technology,0.0,4.850432900432901,0.0,6.456060606060606,0.0,0.0,0.0,0.0,0.0,0.0,0.0,0.0,0.0,0.0,Europe
119,CUHK (SZ),0.0,7.64642857142857,0.0,33.074278499278485,0.0,0.0,0.0,0.0,0.0,0.0,0.0,0.0,0.0,0.0,Asia
120,POSTECH,0.0,7.833333333333333,0.0,113.38214285714288,0.0,0.0,0.0,0.0,0.0,0.0,0.0,0.0,0.0,0.0,Asia
121,University of New Mexico,0.0,0.5095238095238094,0.0,1.5,0.0,0.0,0.0,0.0,0.0,0.0,0.0,0.0,0.0,0.0,North America
122,VinUniversity,0.0,2.825,0.0,4.666666666666665,0.0,0.0,0.0,0.0,0.0,0.0,0.0,0.0,0.0,0.0,Asia
123,Duke University,0.0,31.8099567099567,0.0,21.778510378510376,0.0,0.0,0.0,0.0,0.0,0.0,0.0,0.0,0.0,0.0,North America
124,Oregon State University,0.0,9.159523809523808,0.0,31.36608187134503,0.0,0.0,0.0,0.0,0.0,0.0,0.0,0.0,0.0,0.0,North America
125,Sun Yat-sen University,0.0,7.199542124542125,0.0,53.1119047619048,0.0,0.0,0.0,0.0,0.0,0.0,0.0,0.0,0.0,0.0,Asia
126,University of Adelaide,0.0,14.499639249639246,0.0,73.48874458874464,0.0,0.0,0.0,0.0,0.0,0.0,0.0,0.0,0.0,0.0,Australasia
127,Univ. of California - Santa Cruz,0.0,23.846428571428564,0.0,12.438131313131308,0.0,0.0,0.0,0.0,0.0,0.0,0.0,0.0,0.0,0.0,North America
128,University of Modena and Reggio Emilia,0.0,5.9,0.0,43.63015873015872,0.0,0.0,0.0,0.0,0.0,0.0,0.0,0.0,0.0,0.0,Europe
129,TU Berlin,0.0,17.77741702741703,0.0,27.280808080808075,0.0,0.0,0.0,0.0,0.0,0.0,0.0,0.0,0.0,0.0,Europe
130,University of Copenhagen,0.0,17.387301587301586,0.0,26.566907799802543,0.0,0.0,0.0,0.0,0.0,0.0,0.0,0.0,0.0,0.0,Europe
131,University of Chicago,0.0,33.16534391534391,0.0,46.52698412698411,0.0,0.0,0.0,0.0,0.0,0.0,0.0,0.0,0.0,0.0,North America
132,AUEB,0.0,1.8333333333333333,0.0,1.2,0.0,0.0,0.0,0.0,0.0,0.0,0.0,0.0,0.0,0.0,Europe
133,Hunan University,0.0,1.1523809523809525,0.0,7.078571428571428,0.0,0.0,0.0,0.0,0.0,0.0,0.0,0.0,0.0,0.0,Asia
134,University of Central Florida,0.0,9.460714285714284,0.0,32.86746031746033,0.0,0.0,0.0,0.0,0.0,0.0,0.0,0.0,0.0,0.0,North America
135,Jadavpur University,0.0,0.0,0.0,1.0,0.0,0.0,0.0,0.0,0.0,0.0,0.0,0.0,0.0,0.0,Asia
136,University of Trento,0.0,4.059523809523809,0.0,13.122222222222218,0.0,0.0,0.0,0.0,0.0,0.0,0.0,0.0,0.0,0.0,Europe
137,Universidad de los Andes,0.0,3.757575757575758,0.0,16.14415584415584,0.0,0.0,0.0,0.0,0.0,0.0,0.0,0.0,0.0,0.0,North America
138,TU Delft,0.0,11.045238095238096,0.0,17.83658008658009,0.0,0.0,0.0,0.0,0.0,0.0,0.0,0.0,0.0,0.0,Europe
139,University of Warsaw,0.0,1.3407467532467532,0.0,0.6909090909090909,0.0,0.0,0.0,0.0,0.0,0.0,0.0,0.0,0.0,0.0,Europe
140,Univ. of California - Santa Barbara,0.0,9.7520202020202,0.0,16.077380952380945,0.0,0.0,0.0,0.0,0.0,0.0,0.0,0.0,0.0,0.0,North America
141,University of Würzburg,0.0,11.396825396825395,0.0,121.12523448773447,0.0,0.0,0.0,0.0,0.0,0.0,0.0,0.0,0.0,0.0,Europe
142,UFPE,0.0,1.25,0.0,23.2,0.0,0.0,0.0,0.0,0.0,0.0,0.0,0.0,0.0,0.0,North America
143,Karlsruhe Institute of Technology,0.0,5.417857142857142,0.0,18.23809523809523,0.0,0.0,0.0,0.0,0.0,0.0,0.0,0.0,0.0,0.0,Europe
144,Middle East Technical University,0.0,0.7,0.0,5.083333333333334,0.0,0.0,0.0,0.0,0.0,0.0,0.0,0.0,0.0,0.0,Asia
145,University of Southern California,0.0,34.900327858416084,0.0,32.96672714540362,0.0,0.0,0.0,0.0,0.0,0.0,0.0,0.0,0.0,0.0,North America
146,Washington University in St. Louis,0.0,6.983333333333334,0.0,3.3666666666666663,0.0,0.0,0.0,0.0,0.0,0.0,0.0,0.0,0.0,0.0,North America
147,Utrecht University,0.0,2.5,0.0,0.95,0.0,0.0,0.0,0.0,0.0,0.0,0.0,0.0,0.0,0.0,Europe
148,Xiamen University,0.0,3.819047619047619,0.0,31.952380952380945,0.0,0.0,0.0,0.0,0.0,0.0,0.0,0.0,0.0,0.0,Asia
149,Brigham Young University,0.0,1.8166666666666664,0.0,2.944444444444444,0.0,0.0,0.0,0.0,0.0,0.0,0.0,0.0,0.0,0.0,North America
150,Hanyang University,0.0,0.25,0.0,1.4499999999999995,0.0,0.0,0.0,0.0,0.0,0.0,0.0,0.0,0.0,0.0,Asia
151,Purdue University,0.0,30.615476190476183,0.0,8.290873015873014,0.0,0.0,0.0,0.0,0.0,0.0,0.0,0.0,0.0,0.0,North America
152,Yonsei University,0.0,4.95952380952381,0.0,37.123809523809534,0.0,0.0,0.0,0.0,0.0,0.0,0.0,0.0,0.0,0.0,Asia
153,JKU Linz,0.0,15.016666666666667,0.0,24.01944444444444,0.0,0.0,0.0,0.0,0.0,0.0,0.0,0.0,0.0,0.0,Europe
154,National Tsing Hua University,0.0,1.1166666666666667,0.0,16.85238095238095,0.0,0.0,0.0,0.0,0.0,0.0,0.0,0.0,0.0,0.0,Asia
155,Texas A&M University,0.0,13.131385281385285,0.0,15.482142857142854,0.0,0.0,0.0,0.0,0.0,0.0,0.0,0.0,0.0,0.0,North America
156,Beihang University,0.0,1.953571428571428,0.0,7.469480519480518,0.0,0.0,0.0,0.0,0.0,0.0,0.0,0.0,0.0,0.0,Asia
157,Westlake University,0.0,4.5004329004329,0.0,5.833766233766234,0.0,0.0,0.0,0.0,0.0,0.0,0.0,0.0,0.0,0.0,Asia
158,University of Massachusetts Amherst,0.0,48.12564006042267,0.0,51.68375603864734,0.0,0.0,0.0,0.0,0.0,0.0,0.0,0.0,0.0,0.0,North America
159,University of Utah,0.0,8.560714285714283,0.0,12.248015873015872,0.0,0.0,0.0,0.0,0.0,0.0,0.0,0.0,0.0,0.0,North America
160,Radboud University,0.0,10.008802308802307,0.0,3.411684514316093,0.0,0.0,0.0,0.0,0.0,0.0,0.0,0.0,0.0,0.0,Europe
161,Goldsmiths University of London,0.0,0.3333333333333333,0.0,0.25,0.0,0.0,0.0,0.0,0.0,0.0,0.0,0.0,0.0,0.0,Europe
162,ISI Kolkata,0.0,0.5,0.0,0.95,0.0,0.0,0.0,0.0,0.0,0.0,0.0,0.0,0.0,0.0,Asia
163,University at Buffalo,0.0,11.863095238095235,0.0,10.599718381976444,0.0,0.0,0.0,0.0,0.0,0.0,0.0,0.0,0.0,0.0,North America
164,Graz University of Technology,0.0,4.90952380952381,0.0,34.7143646893647,0.0,0.0,0.0,0.0,0.0,0.0,0.0,0.0,0.0,0.0,Europe
165,Université Jean Monnet,0.0,3.75,0.0,4.619047619047619,0.0,0.0,0.0,0.0,0.0,0.0,0.0,0.0,0.0,0.0,Europe
166,Ohio State University,0.0,18.647619047619045,0.0,12.126190476190477,0.0,0.0,0.0,0.0,0.0,0.0,0.0,0.0,0.0,0.0,North America
167,OHSU,0.0,0.1428571428571428,0.0,2.071428571428571,0.0,0.0,0.0,0.0,0.0,0.0,0.0,0.0,0.0,0.0,North America
168,Cardiff University,0.0,3.999999999999999,0.0,96.856684981685,0.0,0.0,0.0,0.0,0.0,0.0,0.0,0.0,0.0,0.0,Europe
169,University of Tokyo,0.0,20.422619047619044,0.0,48.762373737373785,0.0,0.0,0.0,0.0,0.0,0.0,0.0,0.0,0.0,0.0,Asia
170,Griffith University,0.0,1.9,0.0,1.0357142857142856,0.0,0.0,0.0,0.0,0.0,0.0,0.0,0.0,0.0,0.0,Australasia
171,Keio University,0.0,0.25,0.0,3.1666666666666665,0.0,0.0,0.0,0.0,0.0,0.0,0.0,0.0,0.0,0.0,Asia
172,Dartmouth College,0.0,4.695238095238095,0.0,16.876785714285713,0.0,0.0,0.0,0.0,0.0,0.0,0.0,0.0,0.0,0.0,North America
173,National Institute of Informatics,0.0,4.083333333333332,0.0,23.40357142857143,0.0,0.0,0.0,0.0,0.0,0.0,0.0,0.0,0.0,0.0,Asia
174,National Taiwan University,0.0,7.427777777777777,0.0,20.89993894993893,0.0,0.0,0.0,0.0,0.0,0.0,0.0,0.0,0.0,0.0,Asia
175,Beijing Jiaotong University,0.0,2.375,0.0,16.458730158730155,0.0,0.0,0.0,0.0,0.0,0.0,0.0,0.0,0.0,0.0,Asia
176,University of Waterloo,0.0,32.68178210678209,0.0,32.78571428571428,0.0,0.0,0.0,0.0,0.0,0.0,0.0,0.0,0.0,0.0,North America
177,BUPT,0.0,3.28531746031746,0.0,14.889682539682536,0.0,0.0,0.0,0.0,0.0,0.0,0.0,0.0,0.0,0.0,Asia
178,Wayne State University,0.0,0.8666666666666666,0.0,7.86547619047619,0.0,0.0,0.0,0.0,0.0,0.0,0.0,0.0,0.0,0.0,North America
179,Carleton University,0.0,2.25,0.0,0.9833333333333334,0.0,0.0,0.0,0.0,0.0,0.0,0.0,0.0,0.0,0.0,North America
180,Clemson University,0.0,1.9598549990820853,0.0,6.220112893642304,0.0,0.0,0.0,0.0,0.0,0.0,0.0,0.0,0.0,0.0,North America
181,Pontificia Universidad Catolica de Chile,0.0,2.583333333333333,0.0,1.684523809523809,0.0,0.0,0.0,0.0,0.0,0.0,0.0,0.0,0.0,0.0,North America
182,THWS,0.0,0.45,0.0,2.499999999999999,0.0,0.0,0.0,0.0,0.0,0.0,0.0,0.0,0.0,0.0,Europe
183,IIIT Hyderabad,0.0,2.625,0.0,11.042929292929292,0.0,0.0,0.0,0.0,0.0,0.0,0.0,0.0,0.0,0.0,Asia
184,Chongqing University,0.0,0.9896825396825396,0.0,1.226190476190476,0.0,0.0,0.0,0.0,0.0,0.0,0.0,0.0,0.0,0.0,Asia
185,IIIT Delhi,0.0,0.0,0.0,5.0,0.0,0.0,0.0,0.0,0.0,0.0,0.0,0.0,0.0,0.0,Asia
186,Yale University,0.0,39.61025641025642,0.0,18.482575757575752,0.0,0.0,0.0,0.0,0.0,0.0,0.0,0.0,0.0,0.0,North America
187,Ariel University,0.0,0.04,0.0,1.0166666666666666,0.0,0.0,0.0,0.0,0.0,0.0,0.0,0.0,0.0,0.0,Asia
188,Bar-Ilan University,0.0,17.88523809523809,0.0,26.324206349206342,0.0,0.0,0.0,0.0,0.0,0.0,0.0,0.0,0.0,0.0,Asia
189,Koç University,0.0,0.8500000000000001,0.0,6.043589743589744,0.0,0.0,0.0,0.0,0.0,0.0,0.0,0.0,0.0,0.0,Asia
190,University of South Carolina,0.0,1.7083333333333333,0.0,2.201190476190476,0.0,0.0,0.0,0.0,0.0,0.0,0.0,0.0,0.0,0.0,North America
191,University of Luxembourg,0.0,0.0,0.0,0.25,0.0,0.0,0.0,0.0,0.0,0.0,0.0,0.0,0.0,0.0,Europe
192,University of Hannover,0.0,2.444444444444444,0.0,10.876190476190477,0.0,0.0,0.0,0.0,0.0,0.0,0.0,0.0,0.0,0.0,Europe
193,Boston University,0.0,29.920857737034197,0.0,25.013095238095232,0.0,0.0,0.0,0.0,0.0,0.0,0.0,0.0,0.0,0.0,North America
194,University College Dublin,0.0,2.3000000000000003,0.0,1.1428571428571428,0.0,0.0,0.0,0.0,0.0,0.0,0.0,0.0,0.0,0.0,Europe
195,Columbia University,0.0,63.30396825396826,0.0,49.48444976076557,0.0,0.0,0.0,0.0,0.0,0.0,0.0,0.0,0.0,0.0,North America
196,Queen's University Belfast,0.0,1.2,0.0,5.269444444444444,0.0,0.0,0.0,0.0,0.0,0.0,0.0,0.0,0.0,0.0,Europe
197,Singapore Management University,0.0,10.733160800552104,0.0,23.84007936507936,0.0,0.0,0.0,0.0,0.0,0.0,0.0,0.0,0.0,0.0,Asia
198,Renmin University of China,0.0,7.962301587301589,0.0,16.699999999999996,0.0,0.0,0.0,0.0,0.0,0.0,0.0,0.0,0.0,0.0,Asia
199,Durham University,0.0,1.3666666666666665,0.0,5.8500000000000005,0.0,0.0,0.0,0.0,0.0,0.0,0.0,0.0,0.0,0.0,Europe
200,Harvard University,0.0,84.75565657682529,0.0,34.09137806637804,0.0,0.0,0.0,0.0,0.0,0.0,0.0,0.0,0.0,0.0,North America
201,University of Massachusetts Boston,0.0,0.0,0.0,0.25,0.0,0.0,0.0,0.0,0.0,0.0,0.0,0.0,0.0,0.0,North America
202,Indiana University,0.0,5.819047619047619,0.0,5.258766233766234,0.0,0.0,0.0,0.0,0.0,0.0,0.0,0.0,0.0,0.0,North America
203,University of Oregon,0.0,2.526190476190476,0.0,4.425,0.0,0.0,0.0,0.0,0.0,0.0,0.0,0.0,0.0,0.0,North America
204,ETS Montreal,0.0,3.65,0.0,22.79285714285714,0.0,0.0,0.0,0.0,0.0,0.0,0.0,0.0,0.0,0.0,North America
205,Hacettepe University,0.0,0.2,0.0,3.0666666666666664,0.0,0.0,0.0,0.0,0.0,0.0,0.0,0.0,0.0,0.0,Asia
206,SUSTech,0.0,1.0838235294117646,0.0,5.927380952380954,0.0,0.0,0.0,0.0,0.0,0.0,0.0,0.0,0.0,0.0,Asia
207,Sapienza University of Rome,0.0,4.091666666666667,0.0,8.469444444444443,0.0,0.0,0.0,0.0,0.0,0.0,0.0,0.0,0.0,0.0,Europe
208,Ecole Normale Superieure,0.0,51.24810924369748,0.0,27.552380952380947,0.0,0.0,0.0,0.0,0.0,0.0,0.0,0.0,0.0,0.0,Europe
209,University of Kent,0.0,0.7352564102564103,0.0,1.0865384615384617,0.0,0.0,0.0,0.0,0.0,0.0,0.0,0.0,0.0,0.0,Europe
210,Brown University,0.0,22.39304103755323,0.0,26.50779585911163,0.0,0.0,0.0,0.0,0.0,0.0,0.0,0.0,0.0,0.0,North America
211,IIT Madras,0.0,4.677777777777778,0.0,6.062838915470494,0.0,0.0,0.0,0.0,0.0,0.0,0.0,0.0,0.0,0.0,Asia
212,City University of London,0.0,0.0,0.0,0.7428571428571428,0.0,0.0,0.0,0.0,0.0,0.0,0.0,0.0,0.0,0.0,Europe
213,Kyung Hee University,0.0,0.25,0.0,1.4,0.0,0.0,0.0,0.0,0.0,0.0,0.0,0.0,0.0,0.0,Asia
214,Monash University,0.0,7.927770562770562,0.0,16.235317460317457,0.0,0.0,0.0,0.0,0.0,0.0,0.0,0.0,0.0,0.0,Australasia
215,University of Ulm,0.0,0.0,0.0,1.7166666666666663,0.0,0.0,0.0,0.0,0.0,0.0,0.0,0.0,0.0,0.0,Europe
216,New York Tech,0.0,0.0,0.0,0.7916666666666666,0.0,0.0,0.0,0.0,0.0,0.0,0.0,0.0,0.0,0.0,North America
217,Beijing Institute of Technology,0.0,0.2857142857142857,0.0,0.4642857142857142,0.0,0.0,0.0,0.0,0.0,0.0,0.0,0.0,0.0,0.0,Asia
218,CRIStAL,0.0,11.35,0.0,3.6303030303030304,0.0,0.0,0.0,0.0,0.0,0.0,0.0,0.0,0.0,0.0,Europe
219,Queen Mary University of London,0.0,6.327380952380952,0.0,31.74285714285714,0.0,0.0,0.0,0.0,0.0,0.0,0.0,0.0,0.0,0.0,Europe
220,University of Siegen,0.0,2.6666666666666665,0.0,25.826923076923077,0.0,0.0,0.0,0.0,0.0,0.0,0.0,0.0,0.0,0.0,Europe
221,Victoria University of Wellington,0.0,2.3333333333333326,0.0,5.805158730158731,0.0,0.0,0.0,0.0,0.0,0.0,0.0,0.0,0.0,0.0,Australasia
222,University of Warwick,0.0,8.149999999999999,0.0,4.650613275613276,0.0,0.0,0.0,0.0,0.0,0.0,0.0,0.0,0.0,0.0,Europe
223,Shandong University,0.0,0.7873015873015872,0.0,8.305158730158729,0.0,0.0,0.0,0.0,0.0,0.0,0.0,0.0,0.0,0.0,Asia
224,Michigan State University,0.0,5.513095238095239,0.0,18.610389610389607,0.0,0.0,0.0,0.0,0.0,0.0,0.0,0.0,0.0,0.0,North America
225,Virginia Tech,0.0,6.419537815126051,0.0,3.4619047619047616,0.0,0.0,0.0,0.0,0.0,0.0,0.0,0.0,0.0,0.0,North America
226,Kyungpook National University,0.0,0.25,0.0,0.4,0.0,0.0,0.0,0.0,0.0,0.0,0.0,0.0,0.0,0.0,Asia
227,University of Kansas,0.0,0.7833333333333333,0.0,0.75,0.0,0.0,0.0,0.0,0.0,0.0,0.0,0.0,0.0,0.0,North America
228,University of Sheffield,0.0,3.3666666666666667,0.0,7.195952380952381,0.0,0.0,0.0,0.0,0.0,0.0,0.0,0.0,0.0,0.0,Europe
229,NWPU,0.0,1.812301587301587,0.0,21.09206349206349,0.0,0.0,0.0,0.0,0.0,0.0,0.0,0.0,0.0,0.0,Asia
230,University of Sydney,0.0,15.530555555555551,0.0,12.876190476190477,0.0,0.0,0.0,0.0,0.0,0.0,0.0,0.0,0.0,0.0,Australasia
231,HUST,0.0,2.5500000000000003,0.0,1.7857142857142854,0.0,0.0,0.0,0.0,0.0,0.0,0.0,0.0,0.0,0.0,Asia
232,Xidian University,0.0,3.1833333333333327,0.0,16.71154401154401,0.0,0.0,0.0,0.0,0.0,0.0,0.0,0.0,0.0,0.0,Asia
233,Temple University,0.0,4.95,0.0,3.5,0.0,0.0,0.0,0.0,0.0,0.0,0.0,0.0,0.0,0.0,North America
234,Université Laval,0.0,6.738095238095236,0.0,12.074999999999998,0.0,0.0,0.0,0.0,0.0,0.0,0.0,0.0,0.0,0.0,North America
235,University of Wollongong,0.0,1.8000000000000005,0.0,0.5111111111111111,0.0,0.0,0.0,0.0,0.0,0.0,0.0,0.0,0.0,0.0,Australasia
236,Ben-Gurion University of the Negev,0.0,5.24952380952381,0.0,8.416666666666668,0.0,0.0,0.0,0.0,0.0,0.0,0.0,0.0,0.0,0.0,Asia
237,Queensland University of Technology,0.0,2.313131313131313,0.0,5.315079365079366,0.0,0.0,0.0,0.0,0.0,0.0,0.0,0.0,0.0,0.0,Australasia
238,University of Colorado Boulder,0.0,7.132251082251082,0.0,1.1666666666666663,0.0,0.0,0.0,0.0,0.0,0.0,0.0,0.0,0.0,0.0,North America
239,York University,0.0,4.933333333333334,0.0,30.928210678210675,0.0,0.0,0.0,0.0,0.0,0.0,0.0,0.0,0.0,0.0,North America
240,Rensselaer Polytechnic Institute,0.0,3.6583333333333328,0.0,1.472222222222222,0.0,0.0,0.0,0.0,0.0,0.0,0.0,0.0,0.0,0.0,North America
241,TU Kaiserslautern,0.0,1.876190476190476,0.0,7.878571428571427,0.0,0.0,0.0,0.0,0.0,0.0,0.0,0.0,0.0,0.0,Europe
242,University of Crete,0.0,5.4,0.0,33.85238095238095,0.0,0.0,0.0,0.0,0.0,0.0,0.0,0.0,0.0,0.0,Europe
243,University of Bern,0.0,1.8333333333333333,0.0,13.558333333333335,0.0,0.0,0.0,0.0,0.0,0.0,0.0,0.0,0.0,0.0,Europe
244,Tokyo Institute of Technology,0.0,0.6166666666666667,0.0,2.183333333333333,0.0,0.0,0.0,0.0,0.0,0.0,0.0,0.0,0.0,0.0,Asia
245,University of Technology Sydney,0.0,3.553571428571428,0.0,4.673809523809523,0.0,0.0,0.0,0.0,0.0,0.0,0.0,0.0,0.0,0.0,Australasia
246,Northwestern University,0.0,10.29444444444444,0.0,3.507671957671958,0.0,0.0,0.0,0.0,0.0,0.0,0.0,0.0,0.0,0.0,North America
247,University of Calgary,0.0,1.6352564102564102,0.0,8.288178488178488,0.0,0.0,0.0,0.0,0.0,0.0,0.0,0.0,0.0,0.0,North America
248,CWI,0.0,3.0,0.0,0.6666666666666666,0.0,0.0,0.0,0.0,0.0,0.0,0.0,0.0,0.0,0.0,Europe
249,University of Florida,0.0,1.401305683563748,0.0,3.342857142857143,0.0,0.0,0.0,0.0,0.0,0.0,0.0,0.0,0.0,0.0,North America
250,UNIST,0.0,1.7833333333333332,0.0,15.603571428571428,0.0,0.0,0.0,0.0,0.0,0.0,0.0,0.0,0.0,0.0,Asia
251,TU Dortmund,0.0,4.0773809523809526,0.0,7.594047619047619,0.0,0.0,0.0,0.0,0.0,0.0,0.0,0.0,0.0,0.0,Europe
252,Kyoto University,0.0,2.643589743589744,0.0,4.238888888888889,0.0,0.0,0.0,0.0,0.0,0.0,0.0,0.0,0.0,0.0,Asia
253,TU Clausthal,0.0,2.166666666666667,0.0,2.0,0.0,0.0,0.0,0.0,0.0,0.0,0.0,0.0,0.0,0.0,Europe
254,Cleveland State University,0.0,0.0909090909090909,0.0,1.434523809523809,0.0,0.0,0.0,0.0,0.0,0.0,0.0,0.0,0.0,0.0,North America
255,University of Texas at Arlington,0.0,4.721861471861471,0.0,6.321031746031746,0.0,0.0,0.0,0.0,0.0,0.0,0.0,0.0,0.0,0.0,North America
256,IIT Hyderabad,0.0,0.6666666666666665,0.0,2.2380952380952377,0.0,0.0,0.0,0.0,0.0,0.0,0.0,0.0,0.0,0.0,Asia
257,The Hong Kong Polytechnic University,0.0,3.971825396825396,0.0,6.499783549783549,0.0,0.0,0.0,0.0,0.0,0.0,0.0,0.0,0.0,0.0,Asia
258,University of York,0.0,2.238888888888889,0.0,9.576923076923077,0.0,0.0,0.0,0.0,0.0,0.0,0.0,0.0,0.0,0.0,Europe
259,Osaka University,0.0,0.9166666666666664,0.0,8.476190476190476,0.0,0.0,0.0,0.0,0.0,0.0,0.0,0.0,0.0,0.0,Asia
260,National Chiao Tung University,0.0,1.561111111111111,0.0,31.41071428571428,0.0,0.0,0.0,0.0,0.0,0.0,0.0,0.0,0.0,0.0,Asia
261,Arizona State University,0.0,8.311904761904762,0.0,11.890079365079364,0.0,0.0,0.0,0.0,0.0,0.0,0.0,0.0,0.0,0.0,North America
262,Tufts University,0.0,2.3095238095238093,0.0,2.033333333333333,0.0,0.0,0.0,0.0,0.0,0.0,0.0,0.0,0.0,0.0,North America
263,Rutgers University,0.0,9.194877344877346,0.0,5.481349206349208,0.0,0.0,0.0,0.0,0.0,0.0,0.0,0.0,0.0,0.0,North America
264,University of Cincinnati,0.0,0.2992424242424242,0.0,2.592857142857143,0.0,0.0,0.0,0.0,0.0,0.0,0.0,0.0,0.0,0.0,North America
265,University of Tsukuba,0.0,1.1583333333333332,0.0,11.458333333333334,0.0,0.0,0.0,0.0,0.0,0.0,0.0,0.0,0.0,0.0,Asia
266,Tulane University,0.0,1.7192982456140349,0.0,2.8999999999999995,0.0,0.0,0.0,0.0,0.0,0.0,0.0,0.0,0.0,0.0,North America
267,Georgia State University,0.0,1.0,0.0,2.5055555555555555,0.0,0.0,0.0,0.0,0.0,0.0,0.0,0.0,0.0,0.0,North America
268,University of Szeged,0.0,1.0,0.0,1.375,0.0,0.0,0.0,0.0,0.0,0.0,0.0,0.0,0.0,0.0,Europe
269,University of Alberta,0.0,79.53023088023086,0.0,8.527380952380952,0.0,0.0,0.0,0.0,0.0,0.0,0.0,0.0,0.0,0.0,North America
270,Pennsylvania State University,0.0,14.606980519480512,0.0,13.909523809523805,0.0,0.0,0.0,0.0,0.0,0.0,0.0,0.0,0.0,0.0,North America
271,University of Texas at Dallas,0.0,4.2,0.0,6.252777777777779,0.0,0.0,0.0,0.0,0.0,0.0,0.0,0.0,0.0,0.0,North America
272,SUTD,0.0,3.3166666666666664,0.0,3.1107142857142858,0.0,0.0,0.0,0.0,0.0,0.0,0.0,0.0,0.0,0.0,Asia
273,Iowa State University,0.0,3.176190476190476,0.0,1.2,0.0,0.0,0.0,0.0,0.0,0.0,0.0,0.0,0.0,0.0,North America
274,University of Glasgow,0.0,3.0,0.0,9.33095238095238,0.0,0.0,0.0,0.0,0.0,0.0,0.0,0.0,0.0,0.0,Europe
275,University of Pisa,0.0,4.509523809523808,0.0,1.3190476190476186,0.0,0.0,0.0,0.0,0.0,0.0,0.0,0.0,0.0,0.0,Europe
276,Université Paris Dauphine,0.0,1.4968253968253966,0.0,0.2,0.0,0.0,0.0,0.0,0.0,0.0,0.0,0.0,0.0,0.0,Europe
277,Universidade de Lisboa,0.0,3.1511904761904765,0.0,7.53525641025641,0.0,0.0,0.0,0.0,0.0,0.0,0.0,0.0,0.0,0.0,Europe
278,UFRGS,0.0,0.9833333333333334,0.0,0.5,0.0,0.0,0.0,0.0,0.0,0.0,0.0,0.0,0.0,0.0,North America
279,University of Nottingham,0.0,1.0833333333333333,0.0,0.476190476190476,0.0,0.0,0.0,0.0,0.0,0.0,0.0,0.0,0.0,0.0,Europe
280,University of Virginia,0.0,9.987301587301586,0.0,6.000541125541126,0.0,0.0,0.0,0.0,0.0,0.0,0.0,0.0,0.0,0.0,North America
281,Maynooth University,0.0,2.5666666666666664,0.0,0.25,0.0,0.0,0.0,0.0,0.0,0.0,0.0,0.0,0.0,0.0,Europe
282,University of Iowa,0.0,4.533333333333333,0.0,0.3333333333333333,0.0,0.0,0.0,0.0,0.0,0.0,0.0,0.0,0.0,0.0,North America
283,Queen’s University,0.0,1.0333333333333332,0.0,0.0,0.0,0.0,0.0,0.0,0.0,0.0,0.0,0.0,0.0,0.0,North America
284,Maastricht University,0.0,1.9333333333333331,0.0,0.7428571428571428,0.0,0.0,0.0,0.0,0.0,0.0,0.0,0.0,0.0,0.0,Europe
285,University of Strathclyde,0.0,0.3333333333333333,0.0,0.25,0.0,0.0,0.0,0.0,0.0,0.0,0.0,0.0,0.0,0.0,Europe
286,McGill University,0.0,9.349206349206348,0.0,7.045238095238096,0.0,0.0,0.0,0.0,0.0,0.0,0.0,0.0,0.0,0.0,North America
287,University of Zurich,0.0,0.7337301587301588,0.0,5.7572510822510825,0.0,0.0,0.0,0.0,0.0,0.0,0.0,0.0,0.0,0.0,Europe
288,Washington State University,0.0,6.207575757575757,0.0,0.25,0.0,0.0,0.0,0.0,0.0,0.0,0.0,0.0,0.0,0.0,North America
289,HSE University,0.0,4.6,0.0,2.3428571428571425,0.0,0.0,0.0,0.0,0.0,0.0,0.0,0.0,0.0,0.0,Europe
290,Freie Universitaet Berlin,0.0,0.1,0.0,0.6666666666666666,0.0,0.0,0.0,0.0,0.0,0.0,0.0,0.0,0.0,0.0,Europe
291,University of Guelph,0.0,7.733333333333333,0.0,8.944047619047618,0.0,0.0,0.0,0.0,0.0,0.0,0.0,0.0,0.0,0.0,North America
292,University of Saskatchewan,0.0,0.15,0.0,0.4768115942028985,0.0,0.0,0.0,0.0,0.0,0.0,0.0,0.0,0.0,0.0,North America
293,University of Vienna,0.0,2.833333333333333,0.0,0.2,0.0,0.0,0.0,0.0,0.0,0.0,0.0,0.0,0.0,0.0,Europe
294,University of Auckland,0.0,1.325,0.0,0.1666666666666666,0.0,0.0,0.0,0.0,0.0,0.0,0.0,0.0,0.0,0.0,Australasia
295,Masaryk University,0.0,0.1666666666666666,0.0,0.0,0.0,0.0,0.0,0.0,0.0,0.0,0.0,0.0,0.0,0.0,Europe
296,NJIT,0.0,1.0,0.0,1.0833333333333333,0.0,0.0,0.0,0.0,0.0,0.0,0.0,0.0,0.0,0.0,North America
297,Universidad de Chile,0.0,1.4999999999999998,0.0,0.1666666666666666,0.0,0.0,0.0,0.0,0.0,0.0,0.0,0.0,0.0,0.0,North America
298,IIT (BHU) Varanasi,0.0,0.8333333333333333,0.0,0.0,0.0,0.0,0.0,0.0,0.0,0.0,0.0,0.0,0.0,0.0,Asia
299,NYU Abu Dhabi,0.0,0.5,0.0,0.25,0.0,0.0,0.0,0.0,0.0,0.0,0.0,0.0,0.0,0.0,Asia
300,Georgetown University,0.0,7.000490196078431,0.0,1.7670995670995668,0.0,0.0,0.0,0.0,0.0,0.0,0.0,0.0,0.0,0.0,North America
301,King's College London,0.0,2.194444444444444,0.0,2.083333333333333,0.0,0.0,0.0,0.0,0.0,0.0,0.0,0.0,0.0,0.0,Europe
302,Bocconi University,0.0,6.048412698412698,0.0,1.0888888888888888,0.0,0.0,0.0,0.0,0.0,0.0,0.0,0.0,0.0,0.0,Europe
303,University of Helsinki,0.0,15.02777777777778,0.0,0.2,0.0,0.0,0.0,0.0,0.0,0.0,0.0,0.0,0.0,0.0,Europe
304,Politecnico di Milano,0.0,6.476068376068375,0.0,21.933766233766235,0.0,0.0,0.0,0.0,0.0,0.0,0.0,0.0,0.0,0.0,Europe
305,EURECOM,0.0,1.0777777777777775,0.0,0.3333333333333332,0.0,0.0,0.0,0.0,0.0,0.0,0.0,0.0,0.0,0.0,Europe
306,University of Connecticut,0.0,1.7928571428571425,0.0,2.6,0.0,0.0,0.0,0.0,0.0,0.0,0.0,0.0,0.0,0.0,North America
307,Polytechnique Montreal,0.0,7.115151515151515,0.0,3.205696058327637,0.0,0.0,0.0,0.0,0.0,0.0,0.0,0.0,0.0,0.0,North America
308,University of Padova,0.0,2.75,0.0,1.95,0.0,0.0,0.0,0.0,0.0,0.0,0.0,0.0,0.0,0.0,Europe
309,Stevens Institute of Technology,0.0,0.0769230769230769,0.0,4.633333333333334,0.0,0.0,0.0,0.0,0.0,0.0,0.0,0.0,0.0,0.0,North America
310,University of Tennessee,0.0,0.740909090909091,0.0,1.090909090909091,0.0,0.0,0.0,0.0,0.0,0.0,0.0,0.0,0.0,0.0,North America
311,University of Mainz,0.0,0.5833333333333333,0.0,0.0,0.0,0.0,0.0,0.0,0.0,0.0,0.0,0.0,0.0,0.0,Europe
312,Univ. of California - Merced,0.0,1.6206349206349204,0.0,6.864826839826837,0.0,0.0,0.0,0.0,0.0,0.0,0.0,0.0,0.0,0.0,North America
313,SUFE,0.0,1.0333333333333332,0.0,2.076190476190476,0.0,0.0,0.0,0.0,0.0,0.0,0.0,0.0,0.0,0.0,Asia
314,Qatar Computing Research Institute,0.0,2.1777777777777776,0.0,0.0,0.0,0.0,0.0,0.0,0.0,0.0,0.0,0.0,0.0,0.0,Asia
315,University of Leipzig,0.0,0.3333333333333333,0.0,0.2,0.0,0.0,0.0,0.0,0.0,0.0,0.0,0.0,0.0,0.0,Europe
316,McMaster University,0.0,6.778571428571428,0.0,0.7333333333333332,0.0,0.0,0.0,0.0,0.0,0.0,0.0,0.0,0.0,0.0,North America
317,IISc Bangalore,0.0,9.978571428571428,0.0,6.48452380952381,0.0,0.0,0.0,0.0,0.0,0.0,0.0,0.0,0.0,0.0,Asia
318,Vanderbilt University,0.0,2.2504329004329,0.0,4.604004329004329,0.0,0.0,0.0,0.0,0.0,0.0,0.0,0.0,0.0,0.0,North America
319,University of Essex,0.0,4.866666666666666,0.0,2.8666666666666667,0.0,0.0,0.0,0.0,0.0,0.0,0.0,0.0,0.0,0.0,Europe
320,University of Arizona,0.0,4.127380952380952,0.0,5.977380952380953,0.0,0.0,0.0,0.0,0.0,0.0,0.0,0.0,0.0,0.0,North America
321,Birkbeck University of London,0.0,0.5178571428571428,0.0,0.75,0.0,0.0,0.0,0.0,0.0,0.0,0.0,0.0,0.0,0.0,Europe
322,UCCS,0.0,1.8333333333333333,0.0,7.476190476190476,0.0,0.0,0.0,0.0,0.0,0.0,0.0,0.0,0.0,0.0,North America
323,TU Wien,0.0,6.542099567099567,0.0,10.62857142857143,0.0,0.0,0.0,0.0,0.0,0.0,0.0,0.0,0.0,0.0,Europe
324,Tampere University,0.0,3.9416666666666655,0.0,11.849242424242426,0.0,0.0,0.0,0.0,0.0,0.0,0.0,0.0,0.0,0.0,Europe
325,Florida International University,0.0,1.277777777777778,0.0,0.9166666666666666,0.0,0.0,0.0,0.0,0.0,0.0,0.0,0.0,0.0,0.0,North America
326,Univ. of California - Riverside,0.0,6.126190476190476,0.0,8.628388278388275,0.0,0.0,0.0,0.0,0.0,0.0,0.0,0.0,0.0,0.0,North America
327,Worcester Polytechnic Institute,0.0,0.2,0.0,1.8249999999999995,0.0,0.0,0.0,0.0,0.0,0.0,0.0,0.0,0.0,0.0,North America
328,Western University,0.0,0.6666666666666666,0.0,2.0,0.0,0.0,0.0,0.0,0.0,0.0,0.0,0.0,0.0,0.0,North America
329,Université de Sherbrooke,0.0,0.9333333333333332,0.0,2.194444444444444,0.0,0.0,0.0,0.0,0.0,0.0,0.0,0.0,0.0,0.0,North America
330,University of Regensburg,0.0,0.1909090909090909,0.0,2.756128958760538,0.0,0.0,0.0,0.0,0.0,0.0,0.0,0.0,0.0,0.0,Europe
331,Mohammed VI Polytechnic University,0.0,0.1428571428571428,0.0,0.726190476190476,0.0,0.0,0.0,0.0,0.0,0.0,0.0,0.0,0.0,0.0,Africa
332,Sungkyunkwan University,0.0,0.95,0.0,4.433333333333334,0.0,0.0,0.0,0.0,0.0,0.0,0.0,0.0,0.0,0.0,Asia
333,Goethe University Frankfurt,0.0,0.9,0.0,1.0666666666666669,0.0,0.0,0.0,0.0,0.0,0.0,0.0,0.0,0.0,0.0,Europe
334,Istanbul Technical University,0.0,0.4166666666666666,0.0,3.416666666666667,0.0,0.0,0.0,0.0,0.0,0.0,0.0,0.0,0.0,0.0,Asia
335,Xi'an Jiaotong University,0.0,3.1619047619047618,0.0,12.314285714285708,0.0,0.0,0.0,0.0,0.0,0.0,0.0,0.0,0.0,0.0,Asia
336,University of Erlangen–Nuremberg,0.0,0.0,0.0,2.5111111111111115,0.0,0.0,0.0,0.0,0.0,0.0,0.0,0.0,0.0,0.0,Europe
337,IIT Kanpur,0.0,6.249999999999999,0.0,3.104761904761905,0.0,0.0,0.0,0.0,0.0,0.0,0.0,0.0,0.0,0.0,Asia
338,Kent State University,0.0,0.0,0.0,0.1666666666666666,0.0,0.0,0.0,0.0,0.0,0.0,0.0,0.0,0.0,0.0,North America
339,IT University of Copenhagen,0.0,2.25,0.0,1.1666666666666663,0.0,0.0,0.0,0.0,0.0,0.0,0.0,0.0,0.0,0.0,Europe
340,University of Hamburg,0.0,2.3833333333333337,0.0,2.276190476190476,0.0,0.0,0.0,0.0,0.0,0.0,0.0,0.0,0.0,0.0,Europe
341,University of Victoria,0.0,0.0,0.0,0.1666666666666666,0.0,0.0,0.0,0.0,0.0,0.0,0.0,0.0,0.0,0.0,North America
342,National Cheng Kung University,0.0,0.0,0.0,2.4777777777777774,0.0,0.0,0.0,0.0,0.0,0.0,0.0,0.0,0.0,0.0,Asia
343,RMIT University,0.0,1.3290043290043287,0.0,1.8333333333333333,0.0,0.0,0.0,0.0,0.0,0.0,0.0,0.0,0.0,0.0,Australasia
344,University of Manitoba,0.0,0.95,0.0,2.176190476190476,0.0,0.0,0.0,0.0,0.0,0.0,0.0,0.0,0.0,0.0,North America
345,CUNY,0.0,1.5,0.0,3.583333333333333,0.0,0.0,0.0,0.0,0.0,0.0,0.0,0.0,0.0,0.0,North America
346,University of Houston,0.0,1.5,0.0,1.1666666666666663,0.0,0.0,0.0,0.0,0.0,0.0,0.0,0.0,0.0,0.0,North America
347,University of Notre Dame,0.0,2.283333333333333,0.0,4.37142857142857,0.0,0.0,0.0,0.0,0.0,0.0,0.0,0.0,0.0,0.0,North America
348,Auburn University,0.0,2.533333333333333,0.0,2.628571428571428,0.0,0.0,0.0,0.0,0.0,0.0,0.0,0.0,0.0,0.0,North America
349,Bauhaus University Weimar,0.0,0.0,0.0,0.2,0.0,0.0,0.0,0.0,0.0,0.0,0.0,0.0,0.0,0.0,Europe
350,IIT Roorkee,0.0,0.3333333333333333,0.0,1.75,0.0,0.0,0.0,0.0,0.0,0.0,0.0,0.0,0.0,0.0,Asia
351,IIT Delhi,0.0,5.283333333333332,0.0,2.4095238095238094,0.0,0.0,0.0,0.0,0.0,0.0,0.0,0.0,0.0,0.0,Asia
352,Texas State University,0.0,0.95,0.0,1.5857142857142856,0.0,0.0,0.0,0.0,0.0,0.0,0.0,0.0,0.0,0.0,North America
353,PTIT,0.0,0.0,0.0,0.3928571428571428,0.0,0.0,0.0,0.0,0.0,0.0,0.0,0.0,0.0,0.0,Asia
354,UiT The Arctic University of Norway,0.0,0.4523809523809522,0.0,1.3333333333333333,0.0,0.0,0.0,0.0,0.0,0.0,0.0,0.0,0.0,0.0,Europe
355,Boston College,0.0,0.0,0.0,0.8916666666666666,0.0,0.0,0.0,0.0,0.0,0.0,0.0,0.0,0.0,0.0,North America
356,Drexel University,0.0,2.0738095238095235,0.0,0.6539682539682539,0.0,0.0,0.0,0.0,0.0,0.0,0.0,0.0,0.0,0.0,North America
357,University of North Texas,0.0,1.0075757575757576,0.0,2.4333333333333327,0.0,0.0,0.0,0.0,0.0,0.0,0.0,0.0,0.0,0.0,North America
358,Utah State University,0.0,0.0,0.0,0.8333333333333333,0.0,0.0,0.0,0.0,0.0,0.0,0.0,0.0,0.0,0.0,North America
359,Colorado State University,0.0,1.119298245614035,0.0,1.8000000000000005,0.0,0.0,0.0,0.0,0.0,0.0,0.0,0.0,0.0,0.0,North America
360,University of Cape Town,0.0,0.0,0.0,0.3333333333333333,0.0,0.0,0.0,0.0,0.0,0.0,0.0,0.0,0.0,0.0,Africa
361,University of Missouri,0.0,0.5,0.0,1.1833333333333331,0.0,0.0,0.0,0.0,0.0,0.0,0.0,0.0,0.0,0.0,North America
362,Macquarie University,0.0,3.549206349206349,0.0,6.014891395154555,0.0,0.0,0.0,0.0,0.0,0.0,0.0,0.0,0.0,0.0,Australasia
363,University of Southampton,0.0,2.3666666666666667,0.0,2.333333333333333,0.0,0.0,0.0,0.0,0.0,0.0,0.0,0.0,0.0,0.0,Europe
364,Friedrich Schiller University Jena,0.0,1.1428571428571428,0.0,4.966666666666667,0.0,0.0,0.0,0.0,0.0,0.0,0.0,0.0,0.0,0.0,Europe
365,IIT Jodhpur,0.0,0.25,0.0,3.1500000000000004,0.0,0.0,0.0,0.0,0.0,0.0,0.0,0.0,0.0,0.0,Asia
366,USP-ICMC,0.0,1.125,0.0,3.75,0.0,0.0,0.0,0.0,0.0,0.0,0.0,0.0,0.0,0.0,North America
367,KIIT Bhubaneswar,0.0,0.0,0.0,0.75,0.0,0.0,0.0,0.0,0.0,0.0,0.0,0.0,0.0,0.0,Asia
368,IIT Bombay,0.0,9.283333333333331,0.0,3.333333333333333,0.0,0.0,0.0,0.0,0.0,0.0,0.0,0.0,0.0,0.0,Asia
369,Hong Kong Baptist University,0.0,2.4337662337662334,0.0,3.684523809523809,0.0,0.0,0.0,0.0,0.0,0.0,0.0,0.0,0.0,0.0,Asia
370,BITS Pilani,0.0,0.0,0.0,0.8928571428571428,0.0,0.0,0.0,0.0,0.0,0.0,0.0,0.0,0.0,0.0,Asia
371,University of Liverpool,0.0,4.338227513227513,0.0,3.2428571428571438,0.0,0.0,0.0,0.0,0.0,0.0,0.0,0.0,0.0,0.0,Europe
372,New Mexico State University,0.0,2.0,0.0,1.5,0.0,0.0,0.0,0.0,0.0,0.0,0.0,0.0,0.0,0.0,North America
373,MUST,0.0,0.2,0.0,0.1,0.0,0.0,0.0,0.0,0.0,0.0,0.0,0.0,0.0,0.0,Asia
374,Old Dominion University,0.0,0.0,0.0,0.1428571428571428,0.0,0.0,0.0,0.0,0.0,0.0,0.0,0.0,0.0,0.0,North America
375,University of Manchester,0.0,6.75,0.0,1.0,0.0,0.0,0.0,0.0,0.0,0.0,0.0,0.0,0.0,0.0,Europe
376,University of Sussex,0.0,0.75,0.0,0.0,0.0,0.0,0.0,0.0,0.0,0.0,0.0,0.0,0.0,0.0,Europe
377,University of Wisconsin - Milwaukee,0.0,1.0,0.0,0.0,0.0,0.0,0.0,0.0,0.0,0.0,0.0,0.0,0.0,0.0,North America
378,University of Illinois at Chicago,0.0,5.517063492063491,0.0,0.95,0.0,0.0,0.0,0.0,0.0,0.0,0.0,0.0,0.0,0.0,North America
379,Emory University,0.0,6.090909090909091,0.0,0.7303030303030302,0.0,0.0,0.0,0.0,0.0,0.0,0.0,0.0,0.0,0.0,North America
380,University of Texas at San Antonio,0.0,0.6166666666666666,0.0,1.3166666666666664,0.0,0.0,0.0,0.0,0.0,0.0,0.0,0.0,0.0,0.0,North America
381,University of Potsdam,0.0,2.166666666666666,0.0,1.3333333333333333,0.0,0.0,0.0,0.0,0.0,0.0,0.0,0.0,0.0,0.0,Europe
382,University of Cologne,0.0,9.858333333333334,0.0,1.8333333333333333,0.0,0.0,0.0,0.0,0.0,0.0,0.0,0.0,0.0,0.0,Europe
383,UNICAMP,0.0,0.0,0.0,0.8,0.0,0.0,0.0,0.0,0.0,0.0,0.0,0.0,0.0,0.0,North America
384,Florida Atlantic University,0.0,2.533333333333333,0.0,5.333333333333333,0.0,0.0,0.0,0.0,0.0,0.0,0.0,0.0,0.0,0.0,North America
385,Bilkent University,0.0,0.5333333333333333,0.0,2.1666666666666665,0.0,0.0,0.0,0.0,0.0,0.0,0.0,0.0,0.0,0.0,Asia
386,University of Konstanz,0.0,1.6666666666666663,0.0,4.902777777777778,0.0,0.0,0.0,0.0,0.0,0.0,0.0,0.0,0.0,0.0,Europe
387,Waseda University,0.0,0.0,0.0,4.783333333333333,0.0,0.0,0.0,0.0,0.0,0.0,0.0,0.0,0.0,0.0,Asia
388,University of Nevada,0.0,0.7,0.0,1.25,0.0,0.0,0.0,0.0,0.0,0.0,0.0,0.0,0.0,0.0,North America
389,Portland State University,0.0,0.0,0.0,1.976190476190476,0.0,0.0,0.0,0.0,0.0,0.0,0.0,0.0,0.0,0.0,North America
390,Cyprus University of Technology,0.0,1.3444444444444443,0.0,1.5333333333333332,0.0,0.0,0.0,0.0,0.0,0.0,0.0,0.0,0.0,0.0,Asia
391,NTNU,0.0,0.5333333333333333,0.0,1.0,0.0,0.0,0.0,0.0,0.0,0.0,0.0,0.0,0.0,0.0,Europe
392,TU Braunschweig,0.0,0.65,0.0,6.126190476190477,0.0,0.0,0.0,0.0,0.0,0.0,0.0,0.0,0.0,0.0,Europe
393,College of William and Mary,0.0,1.839321789321789,0.0,5.6575396825396815,0.0,0.0,0.0,0.0,0.0,0.0,0.0,0.0,0.0,0.0,North America
394,University of Salzburg,0.0,0.8611111111111112,0.0,2.033333333333333,0.0,0.0,0.0,0.0,0.0,0.0,0.0,0.0,0.0,0.0,Europe
395,IIT Kharagpur,0.0,1.95,0.0,4.719047619047619,0.0,0.0,0.0,0.0,0.0,0.0,0.0,0.0,0.0,0.0,Asia
396,VISTEC,0.0,0.3333333333333333,0.0,2.9166666666666665,0.0,0.0,0.0,0.0,0.0,0.0,0.0,0.0,0.0,0.0,Asia
397,University of Delaware,0.0,0.5909090909090909,0.0,2.492857142857143,0.0,0.0,0.0,0.0,0.0,0.0,0.0,0.0,0.0,0.0,North America
398,University of Queensland,0.0,1.4166666666666663,0.0,0.25,0.0,0.0,0.0,0.0,0.0,0.0,0.0,0.0,0.0,0.0,Australasia
399,University of Regina,0.0,1.4166666666666663,0.0,0.0,0.0,0.0,0.0,0.0,0.0,0.0,0.0,0.0,0.0,0.0,North America
400,The University of Alabama,0.0,1.0,0.0,0.0,0.0,0.0,0.0,0.0,0.0,0.0,0.0,0.0,0.0,0.0,North America
401,University of Oklahoma,0.0,0.7777777777777777,0.0,0.0,0.0,0.0,0.0,0.0,0.0,0.0,0.0,0.0,0.0,0.0,North America
402,Lancaster University,0.0,2.4000000000000004,0.0,1.0095238095238095,0.0,0.0,0.0,0.0,0.0,0.0,0.0,0.0,0.0,0.0,Europe
403,Binghamton University,0.0,2.6277777777777778,0.0,5.522619047619047,0.0,0.0,0.0,0.0,0.0,0.0,0.0,0.0,0.0,0.0,North America
404,IIT Palakkad,0.0,0.5,0.0,0.0,0.0,0.0,0.0,0.0,0.0,0.0,0.0,0.0,0.0,0.0,Asia
405,IMSc,0.0,1.8333333333333333,0.0,0.0,0.0,0.0,0.0,0.0,0.0,0.0,0.0,0.0,0.0,0.0,Asia
406,University of Halle-Wittenberg,0.0,0.3333333333333333,0.0,1.0,0.0,0.0,0.0,0.0,0.0,0.0,0.0,0.0,0.0,0.0,Europe
407,IIT Ropar,0.0,1.75,0.0,1.9166666666666663,0.0,0.0,0.0,0.0,0.0,0.0,0.0,0.0,0.0,0.0,Asia
408,University of Haifa,0.0,6.749999999999999,0.0,2.916666666666667,0.0,0.0,0.0,0.0,0.0,0.0,0.0,0.0,0.0,0.0,Asia
409,Univ. of Maryland - Baltimore County,0.0,1.8666666666666667,0.0,2.0166666666666666,0.0,0.0,0.0,0.0,0.0,0.0,0.0,0.0,0.0,0.0,North America
410,Louisiana State University,0.0,0.25,0.0,0.2,0.0,0.0,0.0,0.0,0.0,0.0,0.0,0.0,0.0,0.0,North America
411,George Washington University,0.0,0.0,0.0,1.809523809523809,0.0,0.0,0.0,0.0,0.0,0.0,0.0,0.0,0.0,0.0,North America
412,University of South Florida,0.0,0.1428571428571428,0.0,5.1,0.0,0.0,0.0,0.0,0.0,0.0,0.0,0.0,0.0,0.0,North America
413,University of Kentucky,0.0,0.8333333333333333,0.0,1.2,0.0,0.0,0.0,0.0,0.0,0.0,0.0,0.0,0.0,0.0,North America
414,Soochow University,0.0,1.4047619047619042,0.0,4.036904761904761,0.0,0.0,0.0,0.0,0.0,0.0,0.0,0.0,0.0,0.0,Asia
415,Tilburg University,0.0,0.6666666666666666,0.0,0.8333333333333333,0.0,0.0,0.0,0.0,0.0,0.0,0.0,0.0,0.0,0.0,Europe
416,UFRJ,0.0,1.1666666666666663,0.0,0.3333333333333333,0.0,0.0,0.0,0.0,0.0,0.0,0.0,0.0,0.0,0.0,North America
417,University of Duisburg-Essen,0.0,0.0,0.0,0.8333333333333333,0.0,0.0,0.0,0.0,0.0,0.0,0.0,0.0,0.0,0.0,Europe
418,University of Bremen,0.0,0.9,0.0,2.9166666666666665,0.0,0.0,0.0,0.0,0.0,0.0,0.0,0.0,0.0,0.0,Europe
419,University of St Andrews,0.0,0.3666666666666666,0.0,0.7,0.0,0.0,0.0,0.0,0.0,0.0,0.0,0.0,0.0,0.0,Europe
420,Uppsala University,0.0,1.5,0.0,1.8111111111111111,0.0,0.0,0.0,0.0,0.0,0.0,0.0,0.0,0.0,0.0,Europe
421,Florida State University,0.0,0.25,0.0,3.983333333333333,0.0,0.0,0.0,0.0,0.0,0.0,0.0,0.0,0.0,0.0,North America
422,University of Athens,0.0,8.666666666666668,0.0,0.7833333333333333,0.0,0.0,0.0,0.0,0.0,0.0,0.0,0.0,0.0,0.0,Europe
423,Tata Inst. of Fundamental Research,0.0,1.3552631578947367,0.0,0.7499999999999998,0.0,0.0,0.0,0.0,0.0,0.0,0.0,0.0,0.0,0.0,Asia
424,Wichita State University,0.0,0.7083333333333333,0.0,0.125,0.0,0.0,0.0,0.0,0.0,0.0,0.0,0.0,0.0,0.0,North America
425,Royal Holloway University of London,0.0,4.6,0.0,1.719047619047619,0.0,0.0,0.0,0.0,0.0,0.0,0.0,0.0,0.0,0.0,Europe
426,Loughborough University,0.0,0.3333333333333333,0.0,0.8333333333333333,0.0,0.0,0.0,0.0,0.0,0.0,0.0,0.0,0.0,0.0,Europe
427,Sharif University of Technology,0.0,0.8333333333333333,0.0,2.311111111111111,0.0,0.0,0.0,0.0,0.0,0.0,0.0,0.0,0.0,0.0,Asia
428,University of Klagenfurt,0.0,0.5,0.0,0.3,0.0,0.0,0.0,0.0,0.0,0.0,0.0,0.0,0.0,0.0,Europe
429,University of Massachusetts Dartmouth,0.0,0.0,0.0,0.3333333333333333,0.0,0.0,0.0,0.0,0.0,0.0,0.0,0.0,0.0,0.0,North America
430,University of Vermont,0.0,1.1190476190476188,0.0,0.6285714285714283,0.0,0.0,0.0,0.0,0.0,0.0,0.0,0.0,0.0,0.0,North America
431,Dalhousie University,0.0,1.7833333333333332,0.0,0.75,0.0,0.0,0.0,0.0,0.0,0.0,0.0,0.0,0.0,0.0,North America
432,University of Pittsburgh,0.0,2.65,0.0,4.517099567099566,0.0,0.0,0.0,0.0,0.0,0.0,0.0,0.0,0.0,0.0,North America
433,University of Malta,0.0,0.0,0.0,1.0,0.0,0.0,0.0,0.0,0.0,0.0,0.0,0.0,0.0,0.0,Europe
434,Brock University,0.0,0.3333333333333333,0.0,0.8,0.0,0.0,0.0,0.0,0.0,0.0,0.0,0.0,0.0,0.0,North America
435,USP,0.0,1.85,0.0,0.9333333333333332,0.0,0.0,0.0,0.0,0.0,0.0,0.0,0.0,0.0,0.0,North America
436,University of Oldenburg,0.0,0.0,0.0,0.3333333333333333,0.0,0.0,0.0,0.0,0.0,0.0,0.0,0.0,0.0,0.0,Europe
437,Saint Louis University,0.0,0.0,0.0,0.6666666666666666,0.0,0.0,0.0,0.0,0.0,0.0,0.0,0.0,0.0,0.0,North America
438,Universidad de Zaragoza,0.0,0.0,0.0,3.577777777777777,0.0,0.0,0.0,0.0,0.0,0.0,0.0,0.0,0.0,0.0,Europe
439,University of Wroclaw,0.0,0.4,0.0,0.9428571428571428,0.0,0.0,0.0,0.0,0.0,0.0,0.0,0.0,0.0,0.0,Europe
440,NTUA,0.0,0.325,0.0,3.4801587301587302,0.0,0.0,0.0,0.0,0.0,0.0,0.0,0.0,0.0,0.0,Europe
441,Case Western Reserve University,0.0,0.7916666666666666,0.0,1.0833333333333333,0.0,0.0,0.0,0.0,0.0,0.0,0.0,0.0,0.0,0.0,North America
442,Università della Svizzera italiana,0.0,0.45,0.0,0.1428571428571428,0.0,0.0,0.0,0.0,0.0,0.0,0.0,0.0,0.0,0.0,Europe
443,Massey University,0.0,0.1,0.0,1.0,0.0,0.0,0.0,0.0,0.0,0.0,0.0,0.0,0.0,0.0,Australasia
444,Bielefeld University,0.0,0.3333333333333333,0.0,0.5,0.0,0.0,0.0,0.0,0.0,0.0,0.0,0.0,0.0,0.0,Europe
445,University of Georgia,0.0,1.3833333333333333,0.0,1.301190476190476,0.0,0.0,0.0,0.0,0.0,0.0,0.0,0.0,0.0,0.0,North America
446,North Dakota State University,0.0,0.0,0.0,0.1428571428571428,0.0,0.0,0.0,0.0,0.0,0.0,0.0,0.0,0.0,0.0,North America
447,Heriot-Watt University,0.0,0.5833333333333333,0.0,1.7999999999999998,0.0,0.0,0.0,0.0,0.0,0.0,0.0,0.0,0.0,0.0,Europe
448,Yangzhou University,0.0,0.0,0.0,0.5333333333333333,0.0,0.0,0.0,0.0,0.0,0.0,0.0,0.0,0.0,0.0,Asia
449,IUST,0.0,0.0,0.0,0.5,0.0,0.0,0.0,0.0,0.0,0.0,0.0,0.0,0.0,0.0,Asia
450,UNC - Charlotte,0.0,0.5,0.0,0.6833333333333332,0.0,0.0,0.0,0.0,0.0,0.0,0.0,0.0,0.0,0.0,North America
451,University of Twente,0.0,0.0,0.0,1.0,0.0,0.0,0.0,0.0,0.0,0.0,0.0,0.0,0.0,0.0,Europe
452,East China Normal University,0.0,0.4999999999999999,0.0,1.4499999999999995,0.0,0.0,0.0,0.0,0.0,0.0,0.0,0.0,0.0,0.0,Asia
453,University of Massachusetts Lowell,0.0,0.6666666666666666,0.0,0.0,0.0,0.0,0.0,0.0,0.0,0.0,0.0,0.0,0.0,0.0,North America
454,University of Leeds,0.0,0.8095238095238094,0.0,0.7039682539682539,0.0,0.0,0.0,0.0,0.0,0.0,0.0,0.0,0.0,0.0,Europe
455,University of Louisiana - Lafayette,0.0,0.2,0.0,0.25,0.0,0.0,0.0,0.0,0.0,0.0,0.0,0.0,0.0,0.0,North America
456,University of Mannheim,0.0,1.1666666666666663,0.0,0.8333333333333331,0.0,0.0,0.0,0.0,0.0,0.0,0.0,0.0,0.0,0.0,Europe
457,Aalborg University,0.0,1.9830659536541888,0.0,0.0,0.0,0.0,0.0,0.0,0.0,0.0,0.0,0.0,0.0,0.0,Europe
458,DePaul University,0.0,0.1666666666666666,0.0,0.8166666666666667,0.0,0.0,0.0,0.0,0.0,0.0,0.0,0.0,0.0,0.0,North America
459,Université libre de Bruxelles,0.0,2.833333333333333,0.0,0.0,0.0,0.0,0.0,0.0,0.0,0.0,0.0,0.0,0.0,0.0,Europe
460,University of Nebraska,0.0,0.25,0.0,0.0,0.0,0.0,0.0,0.0,0.0,0.0,0.0,0.0,0.0,0.0,North America
461,Virginia Commonwealth University,0.0,0.3333333333333333,0.0,0.0,0.0,0.0,0.0,0.0,0.0,0.0,0.0,0.0,0.0,0.0,North America
462,Humboldt University of Berlin,0.0,1.1666666666666663,0.0,0.4999999999999999,0.0,0.0,0.0,0.0,0.0,0.0,0.0,0.0,0.0,0.0,Europe
463,University of Groningen,0.0,1.4999999999999998,0.0,0.0,0.0,0.0,0.0,0.0,0.0,0.0,0.0,0.0,0.0,0.0,Europe
464,Paderborn University,0.0,1.8333333333333333,0.0,0.3333333333333333,0.0,0.0,0.0,0.0,0.0,0.0,0.0,0.0,0.0,0.0,Europe
465,University of New Hampshire,0.0,1.3666666666666665,0.0,0.0,0.0,0.0,0.0,0.0,0.0,0.0,0.0,0.0,0.0,0.0,North America
466,University of Salerno,0.0,0.7,0.0,0.25,0.0,0.0,0.0,0.0,0.0,0.0,0.0,0.0,0.0,0.0,Europe
467,Özyeğin University,0.0,0.9166666666666664,0.0,1.0,0.0,0.0,0.0,0.0,0.0,0.0,0.0,0.0,0.0,0.0,Asia
468,North Carolina State University,0.0,3.5,0.0,1.0119047619047616,0.0,0.0,0.0,0.0,0.0,0.0,0.0,0.0,0.0,0.0,North America
469,University of Aberdeen,0.0,0.4999999999999999,0.0,0.3333333333333333,0.0,0.0,0.0,0.0,0.0,0.0,0.0,0.0,0.0,0.0,Europe
470,JUST,0.0,0.2,0.0,0.2,0.0,0.0,0.0,0.0,0.0,0.0,0.0,0.0,0.0,0.0,Asia
471,University of Tartu,0.0,0.5666666666666667,0.0,0.6666666666666666,0.0,0.0,0.0,0.0,0.0,0.0,0.0,0.0,0.0,0.0,Europe
472,IUPUI,0.0,0.2,0.0,0.2,0.0,0.0,0.0,0.0,0.0,0.0,0.0,0.0,0.0,0.0,North America
473,Nova Southeastern University,0.0,0.0,0.0,0.6666666666666664,0.0,0.0,0.0,0.0,0.0,0.0,0.0,0.0,0.0,0.0,North America
474,University of Augsburg,0.0,0.5,0.0,0.3333333333333333,0.0,0.0,0.0,0.0,0.0,0.0,0.0,0.0,0.0,0.0,Europe
475,University of Kiel,0.0,0.0,0.0,1.0333333333333332,0.0,0.0,0.0,0.0,0.0,0.0,0.0,0.0,0.0,0.0,Europe
476,IIT Gandhinagar,0.0,0.6666666666666666,0.0,0.3333333333333333,0.0,0.0,0.0,0.0,0.0,0.0,0.0,0.0,0.0,0.0,Asia
477,Université du Québec à Montréal,0.0,2.166666666666667,0.0,0.0909090909090909,0.0,0.0,0.0,0.0,0.0,0.0,0.0,0.0,0.0,0.0,North America
478,University of Texas - El Paso,0.0,0.0,0.0,0.45,0.0,0.0,0.0,0.0,0.0,0.0,0.0,0.0,0.0,0.0,North America
479,UFMG,0.0,0.1666666666666666,0.0,0.1428571428571428,0.0,0.0,0.0,0.0,0.0,0.0,0.0,0.0,0.0,0.0,North America
480,Syracuse University,0.0,0.7833333333333333,0.0,0.8190476190476189,0.0,0.0,0.0,0.0,0.0,0.0,0.0,0.0,0.0,0.0,North America
481,LUMS,0.0,0.125,0.0,0.25,0.0,0.0,0.0,0.0,0.0,0.0,0.0,0.0,0.0,0.0,Asia
482,Ecole Normale Superieure de Lyon,0.0,0.3333333333333333,0.0,0.3928571428571428,0.0,0.0,0.0,0.0,0.0,0.0,0.0,0.0,0.0,0.0,Europe
483,University of Michigan-Dearborn,0.0,0.25,0.0,0.25,0.0,0.0,0.0,0.0,0.0,0.0,0.0,0.0,0.0,0.0,North America
484,Central South University,0.0,0.1666666666666666,0.0,0.1428571428571428,0.0,0.0,0.0,0.0,0.0,0.0,0.0,0.0,0.0,0.0,Asia
485,Universidade de Brasília,0.0,0.5,0.0,0.6666666666666666,0.0,0.0,0.0,0.0,0.0,0.0,0.0,0.0,0.0,0.0,North America
486,University of Basel,0.0,0.7833333333333333,0.0,1.5,0.0,0.0,0.0,0.0,0.0,0.0,0.0,0.0,0.0,0.0,Europe
487,University of Fribourg,0.0,0.2,0.0,0.3666666666666666,0.0,0.0,0.0,0.0,0.0,0.0,0.0,0.0,0.0,0.0,Europe
488,University of Koblenz-Landau,0.0,1.1111111111111112,0.0,0.6666666666666666,0.0,0.0,0.0,0.0,0.0,0.0,0.0,0.0,0.0,0.0,Europe
489,University of Dhaka,0.0,0.0,0.0,0.5,0.0,0.0,0.0,0.0,0.0,0.0,0.0,0.0,0.0,0.0,Asia
490,Charles University,0.0,0.0,0.0,0.1,0.0,0.0,0.0,0.0,0.0,0.0,0.0,0.0,0.0,0.0,Europe
491,Oakland University,0.0,0.2,0.0,0.1666666666666666,0.0,0.0,0.0,0.0,0.0,0.0,0.0,0.0,0.0,0.0,North America
492,University of Memphis,0.0,0.0,0.0,0.3095238095238094,0.0,0.0,0.0,0.0,0.0,0.0,0.0,0.0,0.0,0.0,North America
493,University of Lübeck,0.0,0.0,0.0,0.375,0.0,0.0,0.0,0.0,0.0,0.0,0.0,0.0,0.0,0.0,Europe
494,IPM,0.0,0.1666666666666666,0.0,0.8095238095238095,0.0,0.0,0.0,0.0,0.0,0.0,0.0,0.0,0.0,0.0,Asia
495,Chalmers/GU,0.0,1.0,0.0,0.5,0.0,0.0,0.0,0.0,0.0,0.0,0.0,0.0,0.0,0.0,Europe
496,Brandeis University,0.0,0.7333333333333334,0.0,0.2,0.0,0.0,0.0,0.0,0.0,0.0,0.0,0.0,0.0,0.0,North America
497,Universidad Rey Juan Carlos,0.0,0.625,0.0,0.0,0.0,0.0,0.0,0.0,0.0,0.0,0.0,0.0,0.0,0.0,Europe
498,University of Southern Mississippi,0.0,0.5,0.0,0.0,0.0,0.0,0.0,0.0,0.0,0.0,0.0,0.0,0.0,0.0,North America
499,Montana State University,0.0,0.2,0.0,0.0,0.0,0.0,0.0,0.0,0.0,0.0,0.0,0.0,0.0,0.0,North America
500,Simula UiB,0.0,0.2,0.0,0.0,0.0,0.0,0.0,0.0,0.0,0.0,0.0,0.0,0.0,0.0,Europe
501,Baylor University,0.0,0.25,0.0,0.0,0.0,0.0,0.0,0.0,0.0,0.0,0.0,0.0,0.0,0.0,North America
502,Aarhus University,0.0,1.412301587301587,0.0,0.0,0.0,0.0,0.0,0.0,0.0,0.0,0.0,0.0,0.0,0.0,Europe
503,UFF,0.0,0.1666666666666666,0.0,0.0,0.0,0.0,0.0,0.0,0.0,0.0,0.0,0.0,0.0,0.0,North America
504,University of Piraeus,0.0,0.125,0.0,0.0,0.0,0.0,0.0,0.0,0.0,0.0,0.0,0.0,0.0,0.0,Europe
505,University of Bergen,0.0,1.0833333333333333,0.0,0.25,0.0,0.0,0.0,0.0,0.0,0.0,0.0,0.0,0.0,0.0,Europe
506,Bundeswehr University Munich,0.0,0.2,0.0,0.0,0.0,0.0,0.0,0.0,0.0,0.0,0.0,0.0,0.0,0.0,Europe
507,University of Dundee,0.0,0.5,0.0,0.5833333333333333,0.0,0.0,0.0,0.0,0.0,0.0,0.0,0.0,0.0,0.0,Europe
508,Oklahoma State University,0.0,0.6666666666666666,0.0,0.3333333333333333,0.0,0.0,0.0,0.0,0.0,0.0,0.0,0.0,0.0,0.0,North America
509,University of Buenos Aires,0.0,0.5,0.0,0.0,0.0,0.0,0.0,0.0,0.0,0.0,0.0,0.0,0.0,0.0,North America
510,University of Antwerp,0.0,1.75,0.0,0.2,0.0,0.0,0.0,0.0,0.0,0.0,0.0,0.0,0.0,0.0,Europe
511,University of Hawaii at Manoa,0.0,0.2,0.0,0.0909090909090909,0.0,0.0,0.0,0.0,0.0,0.0,0.0,0.0,0.0,0.0,North America
512,Naval Postgraduate School,0.0,0.25,0.0,0.0,0.0,0.0,0.0,0.0,0.0,0.0,0.0,0.0,0.0,0.0,North America
513,Texas Tech University,0.0,0.5,0.0,0.0,0.0,0.0,0.0,0.0,0.0,0.0,0.0,0.0,0.0,0.0,North America
514,Mälardalen University,0.0,0.1,0.0,0.0,0.0,0.0,0.0,0.0,0.0,0.0,0.0,0.0,0.0,0.0,Europe
515,IIT Mandi,0.0,0.6666666666666666,0.0,0.0,0.0,0.0,0.0,0.0,0.0,0.0,0.0,0.0,0.0,0.0,Asia
516,Northwest University,0.0,0.1428571428571428,0.0,0.1428571428571428,0.0,0.0,0.0,0.0,0.0,0.0,0.0,0.0,0.0,0.0,Asia
517,IIT Guwahati,0.0,0.0,0.0,0.5,0.0,0.0,0.0,0.0,0.0,0.0,0.0,0.0,0.0,0.0,Asia
518,TU Ilmenau,0.0,0.0,0.0,0.3666666666666666,0.0,0.0,0.0,0.0,0.0,0.0,0.0,0.0,0.0,0.0,Europe
519,Florida Institute of Technology,0.0,0.125,0.0,0.25,0.0,0.0,0.0,0.0,0.0,0.0,0.0,0.0,0.0,0.0,North America
520,University of Osnabrück,0.0,0.0,0.0,0.3214285714285714,0.0,0.0,0.0,0.0,0.0,0.0,0.0,0.0,0.0,0.0,Europe
521,Qatar University,0.0,0.0,0.0,0.2857142857142856,0.0,0.0,0.0,0.0,0.0,0.0,0.0,0.0,0.0,0.0,Asia
522,NAIST,0.0,0.0,0.0,0.6999999999999998,0.0,0.0,0.0,0.0,0.0,0.0,0.0,0.0,0.0,0.0,Asia
523,KMUTNB,0.0,0.0,0.0,0.3333333333333333,0.0,0.0,0.0,0.0,0.0,0.0,0.0,0.0,0.0,0.0,Asia
524,University of Otago,0.0,0.45,0.0,1.25,0.0,0.0,0.0,0.0,0.0,0.0,0.0,0.0,0.0,0.0,Australasia
525,Middlesex University,0.0,0.0,0.0,0.2,0.0,0.0,0.0,0.0,0.0,0.0,0.0,0.0,0.0,0.0,Europe
526,UNC - Greensboro,0.0,0.0,0.0,0.2,0.0,0.0,0.0,0.0,0.0,0.0,0.0,0.0,0.0,0.0,North America
527,BITS Pilani-Goa,0.0,0.25,0.0,0.25,0.0,0.0,0.0,0.0,0.0,0.0,0.0,0.0,0.0,0.0,Asia
528,Yıldız Technical University,0.0,1.0,0.0,0.0,0.0,0.0,0.0,0.0,0.0,0.0,0.0,0.0,0.0,0.0,Asia
529,NISER,0.0,1.1666666666666663,0.0,0.0,0.0,0.0,0.0,0.0,0.0,0.0,0.0,0.0,0.0,0.0,Asia
530,Boğaziçi University,0.0,0.6666666666666666,0.0,0.0,0.0,0.0,0.0,0.0,0.0,0.0,0.0,0.0,0.0,0.0,Asia
531,Ecole Normale Superieure de Cachan,0.0,0.5333333333333333,0.0,0.0,0.0,0.0,0.0,0.0,0.0,0.0,0.0,0.0,0.0,0.0,Europe
532,University of Hildesheim,0.0,0.6666666666666666,0.0,0.0,0.0,0.0,0.0,0.0,0.0,0.0,0.0,0.0,0.0,0.0,Europe
533,CMI,0.0,0.3333333333333333,0.0,0.0,0.0,0.0,0.0,0.0,0.0,0.0,0.0,0.0,0.0,0.0,Asia
534,University of Delhi,0.0,0.5,0.0,0.3333333333333333,0.0,0.0,0.0,0.0,0.0,0.0,0.0,0.0,0.0,0.0,Asia
535,Aberystwyth University,0.0,0.25,0.0,0.0,0.0,0.0,0.0,0.0,0.0,0.0,0.0,0.0,0.0,0.0,Europe
536,University of Molise,0.0,0.2,0.0,0.0,0.0,0.0,0.0,0.0,0.0,0.0,0.0,0.0,0.0,0.0,Europe
537,University of Münster,0.0,0.5,0.0,0.2,0.0,0.0,0.0,0.0,0.0,0.0,0.0,0.0,0.0,0.0,Europe
538,University of Arkansas,0.0,1.1666666666666663,0.0,0.0,0.0,0.0,0.0,0.0,0.0,0.0,0.0,0.0,0.0,0.0,North America
539,Missouri S&T,0.0,0.25,0.0,0.0,0.0,0.0,0.0,0.0,0.0,0.0,0.0,0.0,0.0,0.0,North America
540,University of Düsseldorf,0.0,0.25,0.0,0.0,0.0,0.0,0.0,0.0,0.0,0.0,0.0,0.0,0.0,0.0,Europe
541,University of New Brunswick,0.0,0.5,0.0,0.0,0.0,0.0,0.0,0.0,0.0,0.0,0.0,0.0,0.0,0.0,North America
542,American University of Beirut,0.0,0.5,0.0,0.0,0.0,0.0,0.0,0.0,0.0,0.0,0.0,0.0,0.0,0.0,Asia
543,Missouri University of Technology,0.0,0.0,0.0,0.25,0.0,0.0,0.0,0.0,0.0,0.0,0.0,0.0,0.0,0.0,North America
544,IIIT Bangalore,0.0,0.0,0.0,0.25,0.0,0.0,0.0,0.0,0.0,0.0,0.0,0.0,0.0,0.0,Asia
545,National Institute of Technology Warangal,0.0,0.0,0.0,0.25,0.0,0.0,0.0,0.0,0.0,0.0,0.0,0.0,0.0,0.0,Asia
546,The Catholic University of Korea,0.0,0.0,0.0,0.5,0.0,0.0,0.0,0.0,0.0,0.0,0.0,0.0,0.0,0.0,Asia
547,Augusta University,0.0,0.0,0.0,0.3333333333333332,0.0,0.0,0.0,0.0,0.0,0.0,0.0,0.0,0.0,0.0,North America
548,TU Eindhoven,0.0,0.0,0.0,0.4,0.0,0.0,0.0,0.0,0.0,0.0,0.0,0.0,0.0,0.0,Europe
549,Hamburg University of Technology,0.0,0.1666666666666666,0.0,0.0,0.0,0.0,0.0,0.0,0.0,0.0,0.0,0.0,0.0,0.0,Europe
550,Brno University of Technology,0.0,0.0,0.0,0.6666666666666666,0.0,0.0,0.0,0.0,0.0,0.0,0.0,0.0,0.0,0.0,Europe
551,University of Ioannina,0.0,0.0,0.0,0.3333333333333333,0.0,0.0,0.0,0.0,0.0,0.0,0.0,0.0,0.0,0.0,Europe
552,UFPR,0.0,0.0,0.0,0.25,0.0,0.0,0.0,0.0,0.0,0.0,0.0,0.0,0.0,0.0,North America
